{"on_new_data": {"mse": 0.4659888923953386, "r2_score": -0.8639555695813543}, "on_old_data": {"mse": 0.5418205550606604, "r2_score": -1.1681494800346552}}